{"0": {"A": -23.025850929940457, "C": -23.025850929940457, "E": 1.6144504542775446, "D": -0.6881346385374011, "G": -2.2975725501755013, "F": -23.025850929940457, "I": -23.025850929940457, "H": -23.025850929940457, "K": -23.025850929940457, "M": -23.025850929940457, "L": -23.025850929940457, "N": -23.025850929940457, "Q": 2.64406987144591, "P": -23.025850929940457, "S": -23.025850929940457, "R": -23.025850929940457, "T": -23.025850929940457, "W": -23.025850929940457, "V": -1.1989602621707252, "Y": -23.025850929940457}, "1": {"A": -23.025850929940457, "C": -23.025850929940457, "E": -23.025850929940457, "D": -23.025850929940457, "G": -23.025850929940457, "F": -2.2975725501755013, "I": -0.9112781898018608, "H": -23.025850929940457, "K": -23.025850929940457, "M": -23.025850929940457, "L": -23.025850929940457, "N": -23.025850929940457, "Q": -1.1989602621707252, "P": -23.025850929940457, "S": -23.025850929940457, "R": -23.025850929940457, "T": -23.025850929940457, "W": -23.025850929940457, "V": 2.9547008768813376, "Y": -23.025850929940457}, "2": {"A": -23.025850929940457, "C": -23.025850929940457, "E": -2.2975725501755013, "D": -23.025850929940457, "G": -23.025850929940457, "F": -23.025850929940457, "I": -23.025850929940457, "H": -0.9112781898018608, "K": 0.34148477851582854, "M": -2.2975725501755013, "L": -1.1989602621707252, "N": -1.6044253701130562, "Q": 2.844091005337977, "P": -23.025850929940457, "S": -23.025850929940457, "R": -23.025850929940457, "T": -1.1989602621707252, "W": -23.025850929940457, "V": -23.025850929940457, "Y": -23.025850929940457}, "3": {"A": -23.025850929940457, "C": -23.025850929940457, "E": -23.025850929940457, "D": -23.025850929940457, "G": -2.2975725501755013, "F": -23.025850929940457, "I": -23.025850929940457, "H": -23.025850929940457, "K": -23.025850929940457, "M": -2.2975725501755013, "L": 2.9805421080650922, "N": -23.025850929940457, "Q": -23.025850929940457, "P": -2.2975725501755013, "S": -23.025850929940457, "R": -23.025850929940457, "T": -23.025850929940457, "W": -23.025850929940457, "V": -23.025850929940457, "Y": -23.025850929940457}, "4": {"A": -23.025850929940457, "C": -23.025850929940457, "E": -0.21813100936629057, "D": -23.025850929940457, "G": -23.025850929940457, "F": -23.025850929940457, "I": -23.025850929940457, "H": -23.025850929940457, "K": -0.5058130817766131, "M": -23.025850929940457, "L": -0.6881346385374011, "N": -23.025850929940457, "Q": 2.7586732541841443, "P": -2.2975725501755013, "S": -23.025850929940457, "R": -23.025850929940457, "T": -23.025850929940457, "W": -23.025850929940457, "V": 0.7934699022330416, "Y": -23.025850929940457}}