{"0": {"A": -23.025850929940457, "C": -23.025850929940457, "E": 2.952672784098764, "D": -0.9593502210736021, "G": -23.025850929940457, "F": -23.025850929940457, "I": -23.025850929940457, "H": -23.025850929940457, "K": -1.182493772322562, "M": -23.025850929940457, "L": -2.5687881324637027, "N": -23.025850929940457, "Q": -23.025850929940457, "P": -23.025850929940457, "S": -23.025850929940457, "R": -23.025850929940457, "T": -23.025850929940457, "W": -23.025850929940457, "V": -2.5687881324637027, "Y": -23.025850929940457}, "1": {"A": -23.025850929940457, "C": -23.025850929940457, "E": -2.5687881324637027, "D": -23.025850929940457, "G": -23.025850929940457, "F": -23.025850929940457, "I": -23.025850929940457, "H": -23.025850929940457, "K": -23.025850929940457, "M": -23.025850929940457, "L": -1.8756409525562572, "N": -23.025850929940457, "Q": -23.025850929940457, "P": -23.025850929940457, "S": -23.025850929940457, "R": -23.025850929940457, "T": -23.025850929940457, "W": 2.9646013549639756, "V": -23.025850929940457, "Y": -0.9593502210736021}, "2": {"A": -23.025850929940457, "C": -23.025850929940457, "E": -23.025850929940457, "D": -23.025850929940457, "G": -23.025850929940457, "F": -23.025850929940457, "I": 2.7687499459388896, "H": -23.025850929940457, "K": -23.025850929940457, "M": 0.1392620674205076, "L": 0.2644252103642783, "N": -23.025850929940457, "Q": -23.025850929940457, "P": -23.025850929940457, "S": -23.025850929940457, "R": -23.025850929940457, "T": -23.025850929940457, "W": -2.5687881324637027, "V": 0.4269441398505385, "Y": -23.025850929940457}, "3": {"A": 0.6893084043029718, "C": -23.025850929940457, "E": -23.025850929940457, "D": -23.025850929940457, "G": 2.8865329815945757, "F": -23.025850929940457, "I": -2.5687881324637027, "H": -23.025850929940457, "K": -23.025850929940457, "M": -23.025850929940457, "L": -23.025850929940457, "N": -23.025850929940457, "Q": -23.025850929940457, "P": -23.025850929940457, "S": -23.025850929940457, "R": -23.025850929940457, "T": -23.025850929940457, "W": -23.025850929940457, "V": -23.025850929940457, "Y": -23.025850929940457}, "4": {"A": -0.9593502210736021, "C": -2.5687881324637027, "E": 0.20380058855264124, "D": -0.7770286643231474, "G": -0.7770286643231474, "F": -1.182493772322562, "I": -1.8756409525562572, "H": -1.182493772322562, "K": -23.025850929940457, "M": -0.7770286643231474, "L": -1.8756409525562572, "N": -0.7770286643231474, "Q": -2.5687881324637027, "P": -23.025850929940457, "S": -1.182493772322562, "R": 2.4484917030548643, "T": -0.26620304064415684, "W": -0.9593502210736021, "V": -0.9593502210736021, "Y": 0.7270487322839598}}