{"0": {"A": -23.025850929940457, "C": -23.025850929940457, "E": -23.025850929940457, "D": -23.025850929940457, "G": -23.025850929940457, "F": -23.025850929940457, "I": 1.1200913203778589, "H": -23.025850929940457, "K": -23.025850929940457, "M": 2.672958881297845, "L": -2.5687881324637027, "N": -23.025850929940457, "Q": -23.025850929940457, "P": -23.025850929940457, "S": -23.025850929940457, "R": -2.5687881324637027, "T": -1.4701758446655928, "W": 0.07026919593977045, "V": -0.0038387762067812006, "Y": -23.025850929940457}, "1": {"A": -1.8756409525562572, "C": -23.025850929940457, "E": -0.6228779845269605, "D": -1.8756409525562572, "G": -0.48934659192574154, "F": -2.5687881324637027, "I": -2.5687881324637027, "H": 2.612995416530714, "K": -2.5687881324637027, "M": -23.025850929940457, "L": -1.8756409525562572, "N": 0.6893084043029718, "Q": -0.9593502210736021, "P": -23.025850929940457, "S": 0.3756508454664223, "R": -2.5687881324637027, "T": -2.5687881324637027, "W": -23.025850929940457, "V": -2.5687881324637027, "Y": -0.7770286643231474}, "2": {"A": -23.025850929940457, "C": -23.025850929940457, "E": -2.5687881324637027, "D": -23.025850929940457, "G": -23.025850929940457, "F": -23.025850929940457, "I": -23.025850929940457, "H": -23.025850929940457, "K": -23.025850929940457, "M": -23.025850929940457, "L": -23.025850929940457, "N": -23.025850929940457, "Q": -23.025850929940457, "P": -23.025850929940457, "S": -23.025850929940457, "R": -23.025850929940457, "T": -23.025850929940457, "W": 2.9918934972518443, "V": -23.025850929940457, "Y": -23.025850929940457}, "3": {"A": -23.025850929940457, "C": -23.025850929940457, "E": -23.025850929940457, "D": -23.025850929940457, "G": -23.025850929940457, "F": -1.4701758446655928, "I": 0.5222543196489317, "H": -23.025850929940457, "K": -23.025850929940457, "M": -1.4701758446655928, "L": -2.5687881324637027, "N": -23.025850929940457, "Q": -23.025850929940457, "P": -23.025850929940457, "S": -23.025850929940457, "R": -23.025850929940457, "T": -23.025850929940457, "W": -2.5687881324637027, "V": 2.8649338697912357, "Y": -1.8756409525562572}, "4": {"A": -23.025850929940457, "C": -23.025850929940457, "E": -23.025850929940457, "D": -23.025850929940457, "G": -23.025850929940457, "F": -23.025850929940457, "I": -2.5687881324637027, "H": -23.025850929940457, "K": 2.7245166909623477, "M": -2.5687881324637027, "L": -23.025850929940457, "N": -2.5687881324637027, "Q": -1.8756409525562572, "P": -23.025850929940457, "S": -23.025850929940457, "R": 1.4385450514874958, "T": -23.025850929940457, "W": -2.5687881324637027, "V": -2.5687881324637027, "Y": -23.025850929940457}}