{"0": {"A": -1.8756409525562572, "C": -23.025850929940457, "E": -0.9593502210736021, "D": -0.26620304064415684, "G": -23.025850929940457, "F": -1.4701758446655928, "I": -1.8756409525562572, "H": -2.5687881324637027, "K": 2.3870389238417484, "M": -2.5687881324637027, "L": -1.8756409525562572, "N": 0.8651990707585406, "Q": -23.025850929940457, "P": -23.025850929940457, "S": -0.6228779845269605, "R": 0.4269441398505385, "T": -0.6228779845269605, "W": -23.025850929940457, "V": -2.5687881324637027, "Y": 0.7270487322839598}, "1": {"A": -23.025850929940457, "C": -1.8756409525562572, "E": -23.025850929940457, "D": -23.025850929940457, "G": -23.025850929940457, "F": -0.48934659192574154, "I": -2.5687881324637027, "H": -2.5687881324637027, "K": -23.025850929940457, "M": -23.025850929940457, "L": -1.4701758446655928, "N": -2.5687881324637027, "Q": -23.025850929940457, "P": -2.5687881324637027, "S": -1.4701758446655928, "R": -23.025850929940457, "T": -23.025850929940457, "W": -23.025850929940457, "V": -23.025850929940457, "Y": 2.916008799727367}, "2": {"A": -0.6228779845269605, "C": -23.025850929940457, "E": -23.025850929940457, "D": -0.0838814838719521, "G": -23.025850929940457, "F": -23.025850929940457, "I": -1.8756409525562572, "H": -1.8756409525562572, "K": -2.5687881324637027, "M": -23.025850929940457, "L": -23.025850929940457, "N": 2.734516774296866, "Q": -23.025850929940457, "P": 0.07026919593977045, "S": 0.20380058855264124, "R": -23.025850929940457, "T": -1.182493772322562, "W": -23.025850929940457, "V": -2.5687881324637027, "Y": -2.5687881324637027}, "3": {"A": -0.7770286643231474, "C": -23.025850929940457, "E": 2.5551758456423244, "D": 0.47573430401686334, "G": -1.182493772322562, "F": -23.025850929940457, "I": -23.025850929940457, "H": -23.025850929940457, "K": -23.025850929940457, "M": -23.025850929940457, "L": -23.025850929940457, "N": -2.5687881324637027, "Q": 0.47573430401686334, "P": 0.9277194277373233, "S": -0.9593502210736021, "R": -2.5687881324637027, "T": -2.5687881324637027, "W": -23.025850929940457, "V": -23.025850929940457, "Y": -23.025850929940457}, "4": {"A": -0.1708928608516955, "C": -23.025850929940457, "E": -1.4701758446655928, "D": -1.4701758446655928, "G": -1.8756409525562572, "F": -23.025850929940457, "I": -2.5687881324637027, "H": -2.5687881324637027, "K": 2.6461476238473756, "M": -2.5687881324637027, "L": -23.025850929940457, "N": -0.0038387762067812006, "Q": -2.5687881324637027, "P": -23.025850929940457, "S": 0.7634163764531086, "R": -1.4701758446655928, "T": -0.3715635562874831, "W": -23.025850929940457, "V": -2.5687881324637027, "Y": -23.025850929940457}}