{"0": {"A": -13.815510557964274, "C": -13.815510557964274, "E": -13.815510557964274, "D": -13.815510557964274, "G": -13.815510557964274, "F": -13.815510557964274, "I": 1.1200916465951807, "H": -13.815510557964274, "K": -13.815510557964274, "M": 2.6729589503385567, "L": -2.568775083853853, "N": -13.815510557964274, "Q": -13.815510557964274, "P": -13.815510557964274, "S": -13.815510557964274, "R": -2.568775083853853, "T": -1.470171495110054, "W": 0.07027012798897878, "V": -0.0038377724615158027, "Y": -13.815510557964274}, "1": {"A": -1.875634428230045, "C": -13.815510557964274, "E": -0.6228761204294126, "D": -1.875634428230045, "G": -0.489344960840197, "F": -2.568775083853853, "I": -2.568775083853853, "H": 2.612995489837987, "K": -2.568775083853853, "M": -13.815510557964274, "L": -1.875634428230045, "N": 0.6893089061757304, "Q": -0.9593476113380083, "P": -13.815510557964274, "S": 0.37565153223960746, "R": -2.568775083853853, "T": -2.568775083853853, "W": -13.815510557964274, "V": -2.568775083853853, "Y": -0.7770264895430128}, "2": {"A": -13.815510557964274, "C": -13.815510557964274, "E": -2.568775083853853, "D": -13.815510557964274, "G": -13.815510557964274, "F": -13.815510557964274, "I": -13.815510557964274, "H": -13.815510557964274, "K": -13.815510557964274, "M": -13.815510557964274, "L": -13.815510557964274, "N": -13.815510557964274, "Q": -13.815510557964274, "P": -13.815510557964274, "S": -13.815510557964274, "R": -13.815510557964274, "T": -13.815510557964274, "W": 2.9918935474391315, "V": -13.815510557964274, "Y": -13.815510557964274}, "3": {"A": -13.815510557964274, "C": -13.815510557964274, "E": -13.815510557964274, "D": -13.815510557964274, "G": -13.815510557964274, "F": -1.470171495110054, "I": 0.5222549127712557, "H": -13.815510557964274, "K": -13.815510557964274, "M": -1.470171495110054, "L": -2.568775083853853, "N": -13.815510557964274, "Q": -13.815510557964274, "P": -13.815510557964274, "S": -13.815510557964274, "R": -13.815510557964274, "T": -13.815510557964274, "W": -2.568775083853853, "V": 2.864933926772435, "Y": -1.875634428230045}, "4": {"A": -13.815510557964274, "C": -13.815510557964274, "E": -13.815510557964274, "D": -13.815510557964274, "G": -13.815510557964274, "F": -13.815510557964274, "I": -2.568775083853853, "H": -13.815510557964274, "K": 2.724516756533677, "M": -2.568775083853853, "L": -13.815510557964274, "N": -2.568775083853853, "Q": -1.875634428230045, "P": -13.815510557964274, "S": -13.815510557964274, "R": 1.4385452887364676, "T": -13.815510557964274, "W": -2.568775083853853, "V": -2.568775083853853, "Y": -13.815510557964274}, "5": {"A": -13.815510557964274, "C": -13.815510557964274, "E": -2.568775083853853, "D": -13.815510557964274, "G": -13.815510557964274, "F": -13.815510557964274, "I": -13.815510557964274, "H": -2.568775083853853, "K": -0.489344960840197, "M": -13.815510557964274, "L": -1.470171495110054, "N": -13.815510557964274, "Q": 2.9446406650172463, "P": -13.815510557964274, "S": -13.815510557964274, "R": -13.815510557964274, "T": -13.815510557964274, "W": -13.815510557964274, "V": -13.815510557964274, "Y": -13.815510557964274}}