{"11": {"A": -13.815510557964274, "C": -13.815510557964274, "E": -13.815510557964274, "D": -13.815510557964274, "G": -2.568775083853853, "F": -13.815510557964274, "I": -13.815510557964274, "H": -13.815510557964274, "K": -13.815510557964274, "M": -13.815510557964274, "L": 2.984171501734309, "N": -13.815510557964274, "Q": -13.815510557964274, "P": -1.875634428230045, "S": -13.815510557964274, "R": -13.815510557964274, "T": -13.815510557964274, "W": -13.815510557964274, "V": -13.815510557964274, "Y": -13.815510557964274}, "12": {"A": -13.815510557964274, "C": -13.815510557964274, "E": 2.9526728362935426, "D": -0.9593476113380083, "G": -13.815510557964274, "F": -13.815510557964274, "I": -13.815510557964274, "H": -13.815510557964274, "K": -1.1824905101541339, "M": -13.815510557964274, "L": -2.568775083853853, "N": -13.815510557964274, "Q": -13.815510557964274, "P": -13.815510557964274, "S": -13.815510557964274, "R": -13.815510557964274, "T": -13.815510557964274, "W": -13.815510557964274, "V": -2.568775083853853, "Y": -13.815510557964274}, "13": {"A": -13.815510557964274, "C": -13.815510557964274, "E": -2.568775083853853, "D": -13.815510557964274, "G": -13.815510557964274, "F": -13.815510557964274, "I": -13.815510557964274, "H": -13.815510557964274, "K": -13.815510557964274, "M": -13.815510557964274, "L": -1.875634428230045, "N": -13.815510557964274, "Q": -13.815510557964274, "P": -13.815510557964274, "S": -13.815510557964274, "R": -13.815510557964274, "T": -13.815510557964274, "W": 2.964601406539844, "V": -13.815510557964274, "Y": -0.9593476113380083}, "14": {"A": -13.815510557964274, "C": -13.815510557964274, "E": -13.815510557964274, "D": -13.815510557964274, "G": -13.815510557964274, "F": -13.815510557964274, "I": 2.768750008672998, "H": -13.815510557964274, "K": -13.815510557964274, "M": 0.13926293733312908, "L": 0.2644259779342777, "N": -13.815510557964274, "Q": -13.815510557964274, "P": -13.815510557964274, "S": -13.815510557964274, "R": -13.815510557964274, "T": -13.815510557964274, "W": -2.568775083853853, "V": 0.42694479228507554, "Y": -13.815510557964274}, "15": {"A": 0.6893089061757304, "C": -13.815510557964274, "E": -13.815510557964274, "D": -13.815510557964274, "G": 2.886533037358228, "F": -13.815510557964274, "I": -2.568775083853853, "H": -13.815510557964274, "K": -13.815510557964274, "M": -13.815510557964274, "L": -13.815510557964274, "N": -13.815510557964274, "Q": -13.815510557964274, "P": -13.815510557964274, "S": -13.815510557964274, "R": -13.815510557964274, "T": -13.815510557964274, "W": -13.815510557964274, "V": -13.815510557964274, "Y": -13.815510557964274}, "16": {"A": -0.9593476113380083, "C": -2.568775083853853, "E": 0.20380140409574604, "D": -0.7770264895430128, "G": -0.7770264895430128, "F": -1.1824905101541339, "I": -1.875634428230045, "H": -1.1824905101541339, "K": -13.815510557964274, "M": -0.7770264895430128, "L": -1.875634428230045, "N": -0.7770264895430128, "Q": -2.568775083853853, "P": -13.815510557964274, "S": -1.1824905101541339, "R": 2.4484917894700593, "T": -0.2662017357755083, "W": -0.9593476113380083, "V": -0.9593476113380083, "Y": 0.727049215568843}}