{"0": {"A": -1.875634428230045, "C": -13.815510557964274, "E": -0.9593476113380083, "D": -0.2662017357755083, "G": -13.815510557964274, "F": -1.470171495110054, "I": -1.875634428230045, "H": -2.568775083853853, "K": 2.3870390157339623, "M": -2.568775083853853, "L": -1.875634428230045, "N": 0.8651994916840973, "Q": -13.815510557964274, "P": -13.815510557964274, "S": -0.6228761204294126, "R": 0.42694479228507554, "T": -0.6228761204294126, "W": -13.815510557964274, "V": -2.568775083853853, "Y": 0.727049215568843}, "1": {"A": -13.815510557964274, "C": -1.875634428230045, "E": -13.815510557964274, "D": -13.815510557964274, "G": -13.815510557964274, "F": -0.489344960840197, "I": -2.568775083853853, "H": -2.568775083853853, "K": -13.815510557964274, "M": -13.815510557964274, "L": -1.470171495110054, "N": -2.568775083853853, "Q": -13.815510557964274, "P": -2.568775083853853, "S": -1.470171495110054, "R": -13.815510557964274, "T": -13.815510557964274, "W": -13.815510557964274, "V": -13.815510557964274, "Y": 2.9160088538713285}, "2": {"A": -0.6228761204294126, "C": -13.815510557964274, "E": -13.815510557964274, "D": -0.08388039648129342, "G": -13.815510557964274, "F": -13.815510557964274, "I": -1.875634428230045, "H": -1.875634428230045, "K": -2.568775083853853, "M": -13.815510557964274, "L": -13.815510557964274, "N": 2.734516839215744, "Q": -13.815510557964274, "P": 0.07027012798897878, "S": 0.20380140409574604, "R": -13.815510557964274, "T": -1.1824905101541339, "W": -13.815510557964274, "V": -2.568775083853853, "Y": -2.568775083853853}, "3": {"A": -0.7770264895430128, "C": -13.815510557964274, "E": 2.555175923313125, "D": 0.47573492538309875, "G": -1.1824905101541339, "F": -13.815510557964274, "I": -13.815510557964274, "H": -13.815510557964274, "K": -13.815510557964274, "M": -13.815510557964274, "L": -13.815510557964274, "N": -2.568775083853853, "Q": 0.47573492538309875, "P": 0.9277198231522451, "S": -0.9593476113380083, "R": -2.568775083853853, "T": -2.568775083853853, "W": -13.815510557964274, "V": -13.815510557964274, "Y": -13.815510557964274}, "4": {"A": -0.17089167460739918, "C": -13.815510557964274, "E": -1.470171495110054, "D": -1.470171495110054, "G": -1.875634428230045, "F": -13.815510557964274, "I": -2.568775083853853, "H": -2.568775083853853, "K": 2.6461476947641938, "M": -2.568775083853853, "L": -13.815510557964274, "N": -0.0038377724615158027, "Q": -2.568775083853853, "P": -13.815510557964274, "S": 0.7634168424778215, "R": -1.470171495110054, "T": -0.3715621064335343, "W": -13.815510557964274, "V": -2.568775083853853, "Y": -13.815510557964274}, "5": {"A": -13.815510557964274, "C": -2.568775083853853, "E": -13.815510557964274, "D": -13.815510557964274, "G": -13.815510557964274, "F": 2.768750008672998, "I": -13.815510557964274, "H": -13.815510557964274, "K": -2.568775083853853, "M": -13.815510557964274, "L": 0.7985081462176703, "N": -13.815510557964274, "Q": -13.815510557964274, "P": -13.815510557964274, "S": -13.815510557964274, "R": -13.815510557964274, "T": -13.815510557964274, "W": -13.815510557964274, "V": 0.5222549127712557, "Y": -13.815510557964274}}